﻿<?xml version="1.0" encoding="UTF-8" standalone="yes"?>
<addon id="plugin.video.netplay" version="2.0.9" name="NETPLAY Busca" provider-name="NETPLAY">
	<requires>
		<import addon="xbmc.python" version="2.19.0" />
		<import addon="repository.netplay" version="1.0.0" />
		<import addon="script.netplay.artwork" version="1.0.4" />
		<import addon="script.module.urlresolver" version="3.0.0" />
		<import addon="script.module.metahandler" version="1.0.0" />
	</requires>
	<extension point="xbmc.python.pluginsource" library="NETPLAY.py">
		<provides>video</provides>
	</extension>
	<extension point="xbmc.addon.metadata">
		<summary lang="en">NETPLAY</summary>
		<description lang="en">NETPLAY Repositório Multimídia </description>
		<platform>all</platform>
		</extension>
</addon>