<?xml version="1.0" encoding="UTF-8" standalone="yes"?>
<addon id="plugin.video.netplayrede" name="[B][COLOR blue]NETPLAY[/B][/COLOR]" version="0.01" provider-name="NETPLAY">
  <requires>
    <import addon="xbmc.python" version="2.1.0"/>
	<import addon="script.module.urlresolver"/>
	<import addon="script.module.beautifulsoup4"/>
  </requires>
  <extension point="xbmc.python.pluginsource" library="addon.py">
    <provides>video</provides>
  </extension>
  <extension point="xbmc.addon.metadata">
    <language>en</language>
    <platform>all</platform>
    <summary lang="en">NETPLAY Filmes e Séries Dublados</summary>
	<description lang="en">NETPLAY Repositório Multimídia</description>
    <platform>all</platform>
  </extension>
</addon>
