﻿<?xml version="1.0" encoding="UTF-8" standalone="yes"?>
<addon id="NETPLAYMULT.repository" name="NETPLAYMULTLista repository" version="0.0.2" provider-name="NETPLAYMULT-2017">
	<extension point="xbmc.addon.repository" name="NETPLAYMULTLista Add-on Repository">
		<info compressed="false">http://raw.github.com/NETPLAYMULT-2017/NETPLAYMULT.repository/master/addons.xml</info>
		<checksum>http://raw.github.com/NETPLAYMULT-2017/NETPLAYMULT.repository/master/addons.xml.md5</checksum>
		<datadir zip="true">http://raw.github.com/NETPLAYMULT-2017/NETPLAYMULT.repository/master/repo/</datadir>
	</extension>
	<extension point="xbmc.addon.metadata">
		<summary>NETPLAYMULTLista</summary>
		<description>...</description>
		<disclaimer></disclaimer>
		<platform>all</platform>
	</extension>
</addon>